username,link_karma,comment_karma
buggaluggs,1,4111
jumper34017,1,5929
sinsforeal,39634,19079
RespectMyAuthoriteh,960370,79014
JohnnyCwtb,186,48927
mystycfaerie,1,15115
ni_higim,259,20137
greasychimpanzees,1,9070
dcmc6d,1671,23130
mystycfaerie,1,15115
twinsaurus,1,1984
jade985,1,1736
hillman7,192,1654
liquor_for_breakfast,25,7902
stubbazubba,794,12750
RadicalMelon,10212,9142
AutoModerator,1576,347795
KELVINMAN69,23,1029
toobaahmed,1,126
Googooblu,15,1617
darth_hotdog,5037,18663
volatile_floor,796,6801
RonaldTheGiraffe,2237,26586
plax1780,162,25666
lfdotafriends,10,3085
laspero,711,16561
Rightchous,463,4299
TheAddiction2,1,47666
dandingu,4114,1071
AllRhodesGoToHeaven,1,175
RubberJustice,4052,1195
gronkspike25,1043,197602
blasfemmy,3279,15481
hawkballzz,1,948
SnowHesher,27625,193078
ElDochart,10550,44144
AutoModerator,1576,347798
Not_Marshall_Mathers,60,1339
Hysterymystery,21099,129718
isnotstudying,1,1269
BatBro52,1752,15028
bagelpusher,2112,22211
MissChienIK,1509,195
plax1780,162,25671
samacerothstein,1,5755
KandiKrocodile,5,5982
PTasty,98,29267
angela_bee,104,59661
OrangeInca,79,1796
ComedianMikeB,42060,89781
Sayanythingnow,1,5723
VictorBlimpmuscle,23374,198287
inactivepublisher,10,92
Danlax33,4,855
Voltstagge,5897,55635
YourCaptainRex,22,681
Strip_Mall_Ninja,1,8474
A-Riddler,1,322
ProfessionalSmeghead,186,5002
cingalls,102,66624
Flatuence,1,617
TheMortarGuy,1,6105
kitjen,2926,132038
bear_Down67,10,3363
AutisticBedwetter,1,5743
Mashed_Tater_Tots,43,1880
What_I_Do,12,30595
Duplet2016,1,10
GatorNavy,351,1119
Hovie1,135,9617
binder673,24334,47525
RomanReigns1,329,6613
hantokyo,1,4134
KaJaeger,1,1128
letmebeyoursalad,66,20415
funkyfresh2,2683,5803
Whats_TaterzPrecious,1,6817
asimpletexan,1,590
Grittyfarts,1,7459
Skedo0sh,1,27
Speedson,1,32309
Eterrossy,216,386
tyreldidntdoit,1,13
William63,121,1766
Redbull5000,1,574
Hey_there_haha,1,430
Chickenheadjac,352,8932
domdiggity,1000,2889
SuperNoodleDoodle,42,237
unc54,6289,139896
aaronclements,11397,43866
ValorousVagabond,1,42430
truthm0de,1,676
slartbarg,313,32066
yorkton,35568,15239
Deepsouth2020,1,2583
RealArtysin,127,422
LobsterLoveYo,1,698
boleshine,1390,846
timeslider,2246,12419
glockos,3774,72
DizzleSlaunsen23,1,101
not_alien,86,142
CSGOBarney,15,195
JakJakAttacks,3,158978
shadow3462,206,1570
SeattleIsCool,65,18301
JustPlainSimpleGarak,1573,481535
Zuthuzu,3258,34504
ozh,16334,15439
Caboose86,1,2176
donthitsave,14499,379
frozenflameinthewind,664,230
mttl,126,7217
Ralph-Hinkley,74550,18737
OleksiyGuy,16,1807
lapras131,308,4397
SuperCub,520061,297504
Paradigm6790,214,266469
ThereW0LF,12256,10884
ExpendedMagnox,4,9607
JeanCloudVanDamme,159,17427
pavemnt,1,3866
seahorsedivorce,246,3595
EarthThroughTheLens,3905,4861
Just1morefix,1,342804
marineturndlegofiend,51555,161209
Omnaia,1,12
SkidMark_wahlberg,305829,1041028
ExistingTheDream,1,786
verbwork,1,479
mechapoitier,8,11289
daveofreckoning,2695,49182
Sean_NH,1298,8267
pheelzgud,1,2642
omeow,3,11301
Vighy,1,1596
Cannibustible,10708,70571
hepcat1of1,2170,11511
2fingers,2327,25423
trielaslinger,79,7546
goinginforguns,411,11966
Toxikomania,131,59799
0xnull,117,31388
-Tom,1,5452
buzz_uk,1,459
son_of_hill,1,16
CroMoGo,3343,22838
LeviLovehammer,1,11015
thiswillbepoop,43,3666
heymarkymark,1,90
izzaistaken,14,10300
Samtoast,887,6210
bhopfu1,1,105
PyroMantex,2,24
needremovalhelpguy,6,1276
Meloetta_Fucker,77,3992
bluevillain,253,24384
TGDonkey,2,625
oz_moses,1,2060
onlinedeal4you,1,51
goodnamesweretaken,1,657
Daniel1836,1,25
pythonfungus,31,1960
Biggie18,9,10720
JakeThePom,233,51558
Dazz316,918,27937
SirNoName,708,84060
ItsALurkersThing,1,3829
fanofyou,381,13184
skratakh,871,13989
crushcastles23,20082,52778
J4wer,929,4209
Dunkh,3,28247
lord_alphyn,30,1530
yesididjustsaythat00,32,26851
Arknell,18433,192156
Cha-Le-Gai,52,33252
SPEEDY12345,162,804
Marcogr,2,3186
dlsspy,498,6217
rainbowpegasus01,578,208
Tr0user,4715,71930
samuraiseoul,401,11214
jonttu125,2135,13326
Yoshi_XD,1543,8068
deathstrike86,224,1861
axle66,3,1117
madcat1090,503,6491
HumanFundRecipient,1,13364
TaintedSpuds8,2922,10342
Vartemis,1392,4879
dick-nipples,39065,1693756
MyWifeDontKnowItsMe,8,67253
TheCaptainsDizzler,26,20711
thetoecutter10,38,2468
MelaninlyChallenged,3,461
hurdur1,90350,707779
When_Ducks_Attack,13150,51727
nickpar21,85,10143
chargoggagog,11101,75349
Gilgamesh-,63304,30592
freckleburger2,145,1902
IfTyrionDiesWeRevolt,1669,3261
AbruptEruption,1,4269
XYZ-Wing,1,15548
PikaXeD,29912,15095
justscottaustin,2913,123053
PM_me_Venn_diagrams,166075,48103
30three,15315,24997
castigatio,793,4025
SkidMark_wahlberg,305829,1041052
TheMissingWeasley,40,1475
Ebadd,1,1643
Milo_theHutt,390,48688
DavideBaldini,1,295
mikeincolumbus,978,13173
BlobyTwo,7,107
cagrino,1,10190
Easytype,3571,136149
MakeAutismGreatAgain,106,1640
IDoNotAgreeWithYou,259,44008
MJMurcott,1367,30266
Hysterymystery,21099,129766
Sympathy_for_the_FO,1,47355
cameronbates1,7103,48424
jc5504,144,17624
TheJJKG,699,8359
FailedSociopath,3,29614
scratcheee,1,588
Annepackrat,6696,19074
Spants23,4596,14199
saltyonions,1,2460
spockofthewalk,11412,8532
sigh_riss,42,4434
ToKe86,612,16495
smoke_and_spark,5599,72589
TheMissingWeasley,40,1478
ColoniseMars,76,29465
Qabalah_Head,2727,3670
fgben,8987,36749
lazybrouf,6475,16952
kenfoldsfive,291,6793
go_kartmozart,1085,46750
Just1morefix,1,342829
pop72204,1,3
DrowningApe,7,21717
DIOs_ZA_WARUDO,1,2420
scarletice,15,15456
Thatwasmint,33,1381
Cykuta,737,63011
AlphaNeonic,2793,66088
WildMuppetParade,84,28879
RedAngellion,142,34066
rampampwobble,12,3583
notbobby125,1748,75799
bolboreta1,1,143
no-mans-land,1,2457
mbelf,12940,20445
Link-to-the-Pastiche,7083,66851
AggieTimber,964,7840
Really_Elvis,68,4488
Mr_Science_esq,413,5308
Wack0Wizard,7127,7682
imaginary_root,1,60
SepZ,634,291
kjoro,10853,77331
WoozyWoozl,1,2422
LukeTheAnarchist,1,5620
Mr_Wut8794,3839,24453
readparse,58,9153
ToolPackinMama,17973,31208
Wierd_Carissa,1201,38075
DeathLeopard,187,15866
A40,403,430264
Landlubber77,524,394982
superblobby,7687,1390
TheMissingWeasley,40,1482
ValorPhoenix,106,7068
Xendarq,1141,112421
MAHHH,671,613
autotldr,18,141591
boxxybrownn,312,12438
seobrien,138,5870
giverofnofucks,17,113164
flamehead2k1,1026,35683
iushciuweiush,478,59284
Keeganwherefore,303,18349
Gfrisse1,1,61473
Randamonia,197,704
Perzival-X,251,7850
aquaqmar,1,1673
MeGotShadowbanned,179,4987
Fancy_plumber,1,161
Zywakem,1080,10340
suddenly_satire,11384,75747
scribbler8491,1,486
whale_meat,37,414
Baghdad_AssUp,1,3592
TheTaoOfBill,3408,57838
Osiris32,19108,631638
allthefoxes,51286,143030
libbykino,2390,59137
Butcher_Of_Hope,176752,169275
Proteon,2506879,46987
SilverNeptune,54,19556
lukaas2,26230,929
oAurAo,6178,5843
42sthansr,1978,41535
Socrates_Burrito,231,62043
degaman,4080,20165
lurkerthrowaway845,1,1151
sprucetrap87,31,55602
Azki-,9270,13810
colossal_fuckup,1133,3700
mobius727,80,1759
FuckTimur,1,284
iDontLikeYouAnyway,7380,11914
Pontus_Pilates,81480,85318
h2g242,4463,5007
positive_electron42,610,33900
your_local_walrus,1,429
UsernameDoesntFitHel,1164,18383
Monolithic_Zebra,29197,178108
MushroomGoats1,49255,5919
OpinionatedSloth,228,133
Wolverine_007,4785,4388
Nikkistar01,89,980
PainMatrix,79780,2246385
Just1morefix,1,342856
StormCrow1770,9155,172783
all4content,509,921
softnsensualrape,3169,39050
NotVerySmarts,1200,71951
NippleTheThird,9556,16035
dvapop,1,94
OzUnder,3,1394
RBtrary,41,1574
xL02DzD24G0NzSL4Y32x,1,8776
petrichorE6,416,466054
FriendsCallMeAsshole,8383,51367
McCyanide,133490,312329
seahorsedivorce,246,3610
furiousnick1i,1324,2850
kayjay25,197,1048718
Zetsubou51,1,1423
Sleepysam86,3589,611
kilopeter,1082,80894
MrsLiberty,159,1269
Blood_Reaper,49141,20982
CILISI_SMITH,20,10947
cjh57,7,12576
jabbathechav,673971,173944
kegp0777,1,0
kurisu7885,884,98403
ElfKingdom,1,1288
hurdur1,90350,707808
Spants23,4596,14203
dykeag,1,520
M0untainWizard,80,3011
cadre_78,3767,2511
Druwdrewballs,141,116
Spants23,4596,14203
naked_as_a_jaybird,149,40855
katiedid05,7223,21976
MidnightMateor,4571,23470
ArchDucky,25858,151692
ThatGuyNobodyKnows,45,91960
Mr_frumpish,28,53869
harqur,1,143
NDoilworker,35149,280591
HauschkasFoot,3742,412811
whatshisuserface,14948,176037
Jux_,288558,1551502
Repost_Hypocrite,37913,30361
Stimmolation,2365,14420
ciarogeile,816,918
straydog1980,3856,1899475
whiterhino1982,529,1215
PhilMcCoq,86,4397
Tylray,33,3107
Notademocrat17,1,248
Mxxhxxl,4615,3513
ArchangelPT,42585,657944
jontheboss,21186,17052
tragopanic,31398,147904
PainMatrix,79780,2246387
Skooter_McGaven,17836,22164
MansMyth,30,8206
Mxxhxxl,4615,3513
A40,403,430278
MlNGE,1,5216
HoochieKoo,7,32018
Bandit6888,2038,3332
bionix90,422,70549
theotherrik,31,451
amosue,1885,7083
kencleanairsystem,1,10597
AGiantNun,20,16429
Alantha,369352,104726
Doomhammer458,342,19639
ClimateConsensus,1,1700
Autica,10,682
iorgfeflkd,26918,332120
du44,1736,11170
KayneC,7711,22438
loggedintopostthis2,257,5009
koproller,26122,334765
Rrdro,1,1168
brberg,99,36263
kschlap,379,705
COCAINE_ADVOCATE,1,1165
Myshuno383,1,193
zebediah49,32,38188
carpenter,1013,3146
suntzu124,18232,155
labh_janjua,1,601
Alantha,369352,104726
GeoGeoGeoGeo,48413,6618
Doomhammer458,342,19639
z00k_v2,196,13688
Twisted_Einstein,3873,9820
Sedorian,4,10
bootcampcpl,2503,9227
Thejailer,17993,1563
Nobilitie,139885,2094
jezebaal,46817,3056
Pop_Crackle,1,33
mpauls,11,751
Tar_alcaran,56,16535
argv_minus_one,845,185005
djmasterbeats,392,151
Klani,1,142
vertical_suplex,609,16509
ClaireAtMeta,85106,10706
cornelius2008,2637,8106
HighOnGoofballs,620,113906
acidacetylsalicylic,20973,286
PresidentChaos,5774,5548
AlimForever,1697,1126
acidacetylsalicylic,20973,286
markevens,25343,175129
phdsci,66,1546
CuriousBlueAbra,3347,27498
ClaireAtMeta,85106,10706
feedmahfish,679,27085
dustofoblivion123,290739,9460
kschlap,379,705
amprvector,15017,6056
AnalogHumanSentient,303,34596
podkayne3000,327,14673
Alantha,369352,104727
goodnewsjimdotcom,409,38118
YONOan,2877,5240
deadbeat95,1083,3206
LegsEggs,82,4786
gurrllness,1,1193
not-if,30,848
poke50uk,1031,2319
gims2,3,2227
Gisschace,59,8379
TheTabman,406,13715
an_actual_lawyer,5176,61238
NatesTag,1,28595
ThePandaRider,1138,3832
NoolanD,103,3998
Loyalearthling,5572,3003
Superplato,44,1588
ImNotYouhei,1,16
MyOffshoreAccount,1,118
Socrates_Burrito,231,62071
diiliann,8216,2458
phantey,228,1540
Barbosa003,1,4077
pielover88888,489,3867
k_ironheart,2251,22754
MlNGE,1,5216
TMWNN,123734,85227
haeuslein,14,61
ABoutDeSouffle,5580,58717
Loki-L,50290,253150
Damn_Dog_Inappropes,1,123785
Canduster,1,119
ronniebar,1012,6137
krautchanner,25657,4729
TheEarthquakeGuy,12164,141809
frooschnate,5,151
blamewoody,190,1230
germancc,415,571
NocturnalWageSlave,1,3781
lumloon,4376,33702
autotldr,18,141592
EarthThroughTheLens,3905,4878
--Kai--,34228,11432
roughtimes,2311,20233
InquiztiveGit,1,846
BetweenTheCheeks,1756,53024
amateurcreampie,107249,14216
A-VerySexyDisability,1949,35964
Glitch198,2725,56725
Strawberrymuff,1272,677
Waduichimonji,1,292
manoymon,1203,16970
adibonts,1060,248
Herzogsteve,18,7798
yaosio,10755,272827
dillonEh,3634,6118
LOOKITSADAM,4059,34586
liquidzing,21152,419
Arknell,18433,192188
Beo1,2120,15135
whimsicalsteve,266,59748
JimmyFHam,1,5
TheEarthquakeGuy,12164,141809
poli2ce,16,433
AnalogHumanSentient,303,34596
atmospherebilly,3261,1415
Lucidity1,9,542
yupperzapper,1730,728
Lucidity1,9,542
fazoids,23201,10488
macheegrows,542,6494
Baridi,5757,17619
jws1995,89,1238
dancedor,1,7695
stug_life,986,16770
deefadawg,20,1179
Peter_Jennings_Lungs,9250,45751
M0ngisgod,1,130
Boywiththeblues91,1126,504
Theral056,23,4648
Fragrantbumfluff,31782,19353
JK_tROWLING,14,336
collegeeeee,1947,5805
macheegrows,542,6494
NoNeed4Amrak,6,27157
cryogenics12,1,6900
WrathMagik,1,819
TheFuckerUpperOfShit,129233,105048
setadoon177,427,9047
Azerajin,1,131
Girfex,1304,75129
AppleAtrocity,9662,70530
ForceTouch,31,1759
Sleepy63,1,92
Paiste402,128262,63039
flamingboard,23717,306777
CatsHaveManyNipples,1,41
pennyjar,86,1024
Lazy_millennial,2,10440
persistent_derp,6553,10697
Matt2142,1592,23264
cheecheyed,1,988
cnespace,1,13
AutoModerator,1576,347854
Shadow_Banned_Why,1,1169
MidnightToker3,41,3930
david23232323,1,19
UtyerTrucki,1,19
Ypsifactj48,1,52
yankee-bor,142,478
Joe_Reddit_System,3294,17559
LEVII777,688,1087
jdb888,16718,52668
marzipandancer,5310,74416
Brave_Men_Run,1,84500
Pariel,41,12977
AutoModerator,1576,347855
micahleo,1,75
WorthlessPainJunkie,4,1019
hopelesswanderer21,103863,29905
AutoModerator,1576,347855
radapex,2197,34941
freedomsandwich,3,1093
Nutt130,3480,9743
amorningofsleep,15002,7773
Trash_Sells,6,654
Dailynator,303,895
bradfucius,4968,4214
HighlyOffensiveUser,8098,4756
TheBlauKid,12,1271
timmyotc,1,7568
arhanv,1537,16717
DaenerysTargaryen69,418,3532
Duckman1337,483,7954
evilpartiesgetitdone,2,1169
quattrophile,6119,10190
victor_dai,1,1
AtTheLeftThere,33644,62992
jathzia,37,1054
agenthl,459,583
dudefrank,1,7
massacra,44,3266
gJAYg,1,995
NavajoWarrior,8301,11292
Magnaboy,71,496
Dedod_2,1,2712
disposable-name,132,107911
Righteous_Fondue,2609,1230
Rodent_Smasher,45,2374
KeithTheToaster,6361,2669
catofadifferentcoat,1,2
pighalf,109,85386
AutoModerator,1576,347857
agenthl,459,583
PadstaPasta,1,0
chtucker18,328,534
firewerx,3527,5704
SixPackAndNothinToDo,126,23236
throwaway16092015,1,401
KJ6BWB,2972,7315
thenebular,113,9011
IlvermornyAlumna,23,886
lonely_reaper,1,170
GMU_TheHulk,1943,12647
Swingmerightround,2,1233
SkyPL,2494,21746
Iamsuperman360,1,5
teampowerpuffgirls,1,1
spacekid69,1,2
HappyPurpleStarfish,31083,24125
sggolfer17,1,4126
Thedirtychurro,1137,5437
Jozoguy29,1447,4311
SonaBacha,1,526
Littlelyrical,5,60
elmostaco,17,377
SergieKravinoff,1902,448
F_D_Romanowski,166,4935
jacquellon,66948,10309
HappyInNature,6996,13136
SevenIsAWord,37,557
fieldsofgreen,9234,6159
gregsting,796,42995
sockowl,1064,7930
reddog323,1712,28561
hannibalthellamabal,34,2846
snnkergdf,1,200
DrunkMindSoberHeart,1126,301
topdeck55,11609,59536
Wolf_of_Seattle,172,1419
kspmatt,1059,14423
chet-,4311,2510
TooTallkid,1,22
primetrace,3257,2761
LaceyLotus,1,35
cappiebara,6958,6025
Michael1997555,4200,255
SonaBacha,1,530
stugots,331,8079
Nyxxu,3554,30367
theottersauce,4,2642
SovietWomble,12878,14828
Moments_peace,1,61
madisonmayo,896,72
ltdeath,1,1387
Snapfoot,763,23881
KaEVu,1,1653
LiterallyEmily,20,1199
BlameMyGypsySoul,1624,1093
derek_92,47336,21571
Internet_Validation,54,24869
tehtourist,188,30440
garysnailz,58,3036
TripleL8,1,760
UnbiasedSupporter,44,94
xSinityx,2040,14053
guruglue,1,13257
Rahallahan,1670,21221
ferrix,5,2191
maybelline12,778,25
Atari_5200,111541,36373
Imworried45,1,90
PugKing87,1,83
A40,403,430316
LicentiousLynx,1,1278
ShooterGamerESP,211,1148
perogies,52179,227303
dudewithtude,210,965
sariaslani,170,3865
tooyoung_tooold,2501,138215
ceasterday,344,8591
BetsyRed,54,160
GoodDog2620,2334,2235
lecherous_hump,306989,296934
El_Cochinote,3,5222
Dilligaf85,40,151
Sanagoo333,2013,2386
hurdur1,90350,707872
deedeedeedeedeedee,1,6
SunflowerLilly,1,0
merryhedgehog,3009,637
Drunkvotes,1,10
rekabis,591,20248
snowfaller,10,21741
lun4r4,4,486
Hazcat3,22,12874
bitchwithacapital_C,387,3307
Kobachalypse,206,8717
Jl_15,1,2644
Kasrth,6008,8477
Speedy_Cheese,5772,21138
-MrCreosote-,1,44
Zdrastvutye,362,6278
bukithd,17554,15595
pmich80,72,1096
MC_BennyT,1,267
Beach_pls,2,2122
AsoftFurball,9,33643
Send_Yuengling,3735,15885
Imjustsayingbro,27,5042
dart22,998,43564
Quinn___,2701,4448
trevhound,1,2301
MantisToboggannn,1,416
No_Eyed_Dear,1,2019
JWL1092,59686,58334
S-P-C,340,2513
BrianTheWizard,4600,22692
titleproblems,7349,9530
scotchio,2149,576
Jesusthecarpenter,141,18635
ciera22,3143,6317
properstranger,1,1071
Brandonsfl,4615,34095
coolturds,1,320
hotswapper,27,716
Syko_PAT,1,2742
Ninjagopher2000,9,602
blake_n,293,15141
AltairEgos,29446,66070
HuskyTheNubbin,1719,25687
likejackandsally,1,1059
Poi_Poi_Poi,2963,4589
Hudston,757,14658
Chrisixx,14815,168255
BFTFT,1090,7130
trollu4life,24,3971
beenusse,4,8414
personer3,4807,1102
doubledickdan,383,9319
Suckabuttt,2,693
Runs_towards_fire,1621,14063
fucking_snuggle,3336,37902
mudezy,1,147
cakebeerandmorebeer,683726,15693
Aussie_Ben88,1,6796
Robinwolf,57,8412
rFunnyModsSuckCock,38243,48257
BusToNutley,23444,37191
Euronymous_Bush,23,3463
Humpy1988,169,4551
Nathan1266,33,3481
PresidentJFKennedy,1986,4577
darianb1031,13202,10734
Chrisixx,14815,168256
asionm,1751,2742
emberwolf,5,209
Cpt3020,7,61104
olitod,120,1689
Ahanaf,12828,8368
bob_in_the_west,312,49130
yeahfuckyou,3907,29374
dangerful,5,1045
Theemuts,123795,369548
Forgetful_Name,3705,1237
Dronicusprime,3791,11106
tomzo,794,1089
sinigang93,2,1195
x2john2x,67,37
HorsepowerKings_com,1,487
VealStalk,1,2663
BuildStart,1,896
Learned_Hand_01,4678,42072
SneekyMAN,1357,14329
mustardBat,59,2836
Mish_inter,1235,634
Mozerath,1,4868
ZombieBoobies,30,6367
koproller,26122,334777
xAbaddon,7720,36051
PurpleEyeStabber1211,1,1201
Im_scared_of_my_wife,1718,2371
Diedjies,2400,11730
triquichoque,5,3170
hoopera,41129,36434
FunfettiHead,2688,15040
MrEngleman,2712,8585
Noerdy,911025,149303
yanisin,7473,2900
Tszemix,4779,17562
mynameisalso,3508,146542
Phishymoe,358,1264
jkub101,1147,32527
hammadurb,8544,21466
bamboo-coffee,81,29724
mynameisalso,3508,146542
Kole245,9,4358
Abe_Vigoda,1865,102230
MlNGE,1,5227
TheSandyRavage,21393,239330
McSlurryHole,1064,23568
listenthenspeak,5782,6028
vekko,7105,19363
Nerdburton,32,2222
paulconroy415,3214,11990
ClinicalPsychMA,30,2402
Ryuuken24,1,1519
HockeyCannon,70862,128920
jane011,434,2610
westernhaiku,6097,919
obimk1,178,16610
mynameisalso,3508,146542
usvaa,39905,53082
lankeymarlon,11125,6722
taylorguitar13,11224,49217
PelicanPussy,1,3958
iBleeedorange,6476940,747161
HaloCake117,1,233
Decepticon39,1,290
Drunk_N_Depressed,7,4043
Duskmirage,1,33762
feedthetroller,1,2284
ChrisCHJ,121,3036
zeke342,874,18702
arborday,5985,18742
Mineralke,1820,20150
AlexanderTheGreatly,10952,37317
Hellguin,3711,9058
DemiDivine,107,977
AtheistComic,5575,200148
ztpurcell,2,4509
Proaxel65,642,522
ThatsHowGrammaDied,11900,7759
Jacob_exe,7310,10647
BadNewBearer,2661,1166
LugasG,52,100
DemonGunLiz,4435,2347
tylersburden,31078,11137
JordanGusta,224,658
GoRush22,4,903
BeautyAndGlamour,1,5171
nightfire1,363,12573
Rosho24,829,2408
fingercup,358801,25010
Lampmonster1,504,805495
Ddevil5,211,3836
Ent_Dees,914,4709
_konvikt_,3943,12789
_coach_,9,2257
GustavoM,823,8648
Not_That_Original_,1,643
IPreferedThe80s,50,879
aos7s,1478,11324
Vaperius,6,8568
ReeColi,143,5552
damondono,712,22936
Overthinks_Questions,216,33906
ChocElite,3178,16641
JasonKevRyall,1,4070
Honeythorn_Grump,1,107
The_MF_Franklin,9284,35694
hugokhf,437,7120
streeker85,11,2436
bigsmily,5969,5094
BoiledFrogs,238,25352
rahtin,4414,116640
steampunk22,4887,379
thedrewcruz,31,943
Yourvaginathinks,19,25
bionix90,443,70566
rafferty85,1,10507
_Bucket_Of_Truth_,923,19822
awsomecanadian,282,8311
somethingfilthy,2,31823
watchnickdie,2,12050
OctaviousBlack,1102,5823
asteroid_rage,1,906
pickledseacat,12050,12404
KeytapTheProgrammer,52,3896
ultra_sabreman,8030,19127
Ryhlac,1,8603
GiveItHereBoss,1,98
StormCrow1770,9158,172790
ButthurtByProxy,24,30257
SkylerPC,3421,29597
tom-pon,800,20042
duewhaa,1930,11542
terrorismofthemind,128,5817
Methedras_,1,126
Cptsmackahoe420,1,495
buclk,4812,5058
pickledseacat,12050,12404
Eleglas,3639,17569
CharybdisXIII,635,19195
TheUltra64,1,140
bigfatgayface,14,298
JIkayame,6,690
scumpile,35,21258
tonicbrewmeister,2223,445
Xoulish,819,2238
LieutenantSloth,1260,5116
Gargenville,141,27540
Jamesgardiner,1,3393
CzarSquid,2483,10214
Fiolah,1,7613
Bastrion,2494,2987
morningitwasbright,151,622
RxBrad,1212,4337
NightofTheLivingZed,351,7438
CleanYourPhone,1,2503
PelicanPussy,1,3962
wafflenut,1,2231
mealzer,2065,41708
Yronno,2260,27057
pizzainacup,28114,19242
CynicalCynic,1,1137
HuskyTheNubbin,1719,25692
